"","y"
"1",-1.51952394482063
"2",1.73819808429833
"3",3.07129629619739
"4",1.25702163873709
"5",2.37132476650375
"6",2.17208635264413
"7",0.785248136850776
"8",2.66858172660395
"9",2.99264292156084
"10",0.971724500023357
"11",0.585039941787479
"12",1.10874976587787
"13",1.67540411489393
"14",1.92255946467495
"15",5.46619335292718
"16",0.971292268675197
"17",2.25517292768514
"18",-0.580343289741969
"19",0.00353009843985895
"20",1.14358648478083
"21",0.577556239830764
"22",0.936747024399264
"23",-2.18688452272917
"24",-1.82830372281128
"25",-0.124104869792001
"26",1.48430619613152
"27",1.31903888715375
"28",3.88297752809239
"29",0.673887134215718
"30",1.40419947267619
"31",-0.27534721957734
"32",1.51977951845168
"33",0.554552015079556
"34",1.32063257899619
"35",0.889043063880627
"36",-0.774486537494532
"37",-1.15044318782464
"38",-2.24994572349352
"39",1.20038243683792
"40",2.86122125918738
"41",0.570995603142793
"42",-0.706750540522541
"43",-0.792785797808361
"44",-2.22999034759888
"45",0.322497959946996
"46",0.836289695409963
"47",-0.299173893356112
"48",-1.4206223477068
"49",-2.50725599157785
"50",0.564791534798583
"51",-0.0429750874632902
"52",3.85728381768446
"53",3.44326222350981
"54",3.85692260878969
"55",1.76946889572044
"56",1.60848126883302
"57",0.927048732760038
"58",1.8105291652934
"59",2.29127521140565
"60",2.36766657327767
"61",1.05647708941349
"62",-1.3070220594911
"63",1.80774361456266
"64",1.54135643877005
"65",2.52785253827443
"66",3.55741693538946
"67",1.33444434219704
"68",0.806330960573083
"69",-0.400681222682021
"70",-0.187038314205586
"71",0.321025232786423
"72",0.0263325856188946
"73",-1.57779028602145
"74",-2.48264507354636
"75",-1.30422413209731
"76",0.0577368211693547
"77",0.669192281133695
"78",4.24060766163102
"79",2.75336080856222
"80",0.985732575949671
"81",0.946656660479654
"82",-0.227174794494425
"83",0.873874239952354
"84",-0.299369918292596
"85",-1.39870117199975
"86",-2.75229744947553
"87",-3.57212237365577
"88",-0.945634893562136
"89",-1.88117798508021
"90",-1.6000481911202
"91",0.70394331661044
"92",-3.20226516055806
"93",-2.9926428673077
"94",-0.740209847371336
"95",-3.65528709939415
"96",-2.87482497011747
"97",-1.44533946638443
"98",-3.87767148194104
"99",-2.98459003498469
"100",-1.41464506002465
"101",-0.507483298940761
"102",-0.17743769570993
"103",1.44272581325222
"104",1.14123224666598
"105",1.32802597975459
"106",0.935938214282287
"107",0.895514112729088
"108",0.298571875265322
"109",0.768100897689943
"110",-0.179331153416553
"111",-0.341689665979806
"112",-1.15997776580984
"113",0.686359195482188
"114",-0.245460668157217
"115",2.57956676780265
"116",0.58647309576644
"117",0.372161110781655
"118",-1.23431835524387
"119",0.756777734123781
"120",-1.45369708875192
"121",0.307001828157266
"122",-1.06337872775975
"123",-1.89350311020527
"124",-4.83780058422258
"125",-2.83173473125789
"126",-0.192022579013146
"127",2.06003594620397
"128",0.958133218413045
"129",0.678964568828063
"130",-2.38504070209289
"131",-0.380111336926657
"132",-0.743229372735121
"133",0.153348373009766
"134",-1.28227052975374
"135",-1.24852858188843
"136",-1.94153016255143
"137",-4.1099506013988
"138",-3.83897547833434
"139",-1.92276133399781
"140",-0.200828396994585
"141",-0.620273038286588
"142",-3.30875776686303
"143",-4.07461892495152
"144",-1.4386279637374
"145",-2.45989872435352
"146",-2.29929948089984
"147",-1.07194057695364
"148",-2.84846761493761
"149",-3.31453085877314
"150",-1.12244299477341
"151",-0.990477820260944
"152",-0.208701126378116
"153",1.56018011435552
"154",0.183268265196068
"155",2.17437380999525
"156",0.934546069497584
"157",1.33171437261282
"158",1.11774986923055
"159",0.790491242101475
"160",0.272778357689454
"161",0.347518954372356
"162",-1.19487085107089
"163",0.0604245902931816
"164",0.987330116659707
"165",0.915747626645992
"166",0.925557397784982
"167",1.03932550689698
"168",-1.35878677577876
"169",-0.854366700144434
"170",0.790491313194362
"171",0.460929549196534
"172",0.413109488430835
"173",-0.80222227469414
"174",-0.841906757982072
"175",-0.732528078973492
"176",0.705106998736158
"177",3.66194164465999
"178",2.85418987003016
"179",2.51782921203222
"180",1.69341002434968
"181",1.09705181205071
"182",-0.112703414142761
"183",-0.367282366255116
"184",0.497221919308265
"185",0.0457152257072525
"186",-1.36546839670681
"187",-2.57205086840339
"188",-2.10909056948983
"189",-1.60410258531524
"190",2.9678832767923
"191",0.857543796223471
"192",0.901598993307812
"193",-2.0423298298793
"194",-1.95547787936551
"195",-2.02340524932742
"196",-0.507766170564034
"197",1.38075645621397
"198",-1.40278832656817
"199",-0.947889149696262
"200",-1.23808702129936
"201",-0.272258980636548
"202",2.77004823897221
"203",4.92185056866575
"204",1.90089857173564
"205",2.1834276056561
"206",4.20699412159999
"207",1.76475658546388
"208",3.35359156382601
"209",2.26859926027714
"210",1.29275095796064
"211",0.564972124065884
"212",1.45871092609116
"213",3.40406944159646
"214",0.736704705031883
"215",2.41925363483062
"216",2.06746520173473
"217",1.82780766227437
"218",1.07857499332657
"219",0.257050825202827
"220",3.02169332118265
"221",1.4028838416876
"222",0.7697745745496
"223",-0.540915749601299
"224",0.343394536623771
"225",-0.275532985205773
"226",2.05107179100593
"227",1.35079027130381
"228",3.12129599504762
"229",1.04212924744299
"230",2.60713426226238
"231",0.287742815323898
"232",0.252794206177621
"233",-0.271878300725842
"234",0.0232782484751508
"235",-0.571761225786917
"236",-2.35601519073694
"237",-0.742287546362047
"238",-0.820904306735541
"239",0.111625512696466
"240",0.561069119437424
"241",-0.622817258934687
"242",-0.925527719307738
"243",-0.522877236970008
"244",-2.9223700403508
"245",-1.38030156799989
"246",-3.15715074957474
"247",-0.248900295789295
"248",-1.09542800403946
"249",-2.37059848717625
"250",-1.5668217538903
"251",-0.324398970520909
"252",1.2270529521984
"253",2.64998587065731
"254",1.7051235975529
"255",2.70176359518947
"256",1.50133764092388
"257",0.534711984901782
"258",-2.03913834532451
"259",-1.17771144592984
"260",-0.452765311858809
"261",-0.413663180013286
"262",1.01614519105364
"263",-2.10604520838388
"264",1.69045770685354
"265",2.73591391608387
"266",1.95094263048842
"267",1.63878462049704
"268",0.434323797018952
"269",-2.57491411398611
"270",-2.40304214611334
"271",-1.83454988451654
"272",-1.54109579699435
"273",-2.42072598346008
"274",-2.19753402252355
"275",-3.37248365645707
"276",-0.872670062588166
"277",0.233507540544513
"278",-0.187902163049161
"279",1.32793471813009
"280",-0.616447338324873
"281",-2.49566311341077
"282",-1.45044739155796
"283",0.176267900441723
"284",1.8106203107833
"285",-2.11218689436223
"286",-2.01595616059843
"287",-3.08687537228424
"288",-2.78266445723069
"289",-3.33061688555824
"290",-0.0535418276867212
"291",-0.0464885549058879
"292",-1.50351358889318
"293",-1.95661295339837
"294",-2.69032153460653
"295",-2.21157013211102
"296",-2.33115975977251
"297",-3.03322318687188
"298",-1.92727940536716
"299",-4.12379893066155
"300",-1.96098165976145
"301",-0.843747406363861
"302",1.62814209562149
"303",1.30659108336839
"304",1.93548153084822
"305",0.207058406209721
"306",-0.337145960599211
"307",1.96619082251125
"308",1.5981001128882
"309",-0.653581394181754
"310",0.790054049707431
"311",0.898848914493921
"312",-2.18592929750172
"313",-0.860970708675106
"314",-0.374730772211776
"315",2.76963645623278
"316",0.161908539137749
"317",-0.70933125016761
"318",-0.563078602146286
"319",-0.100363016408379
"320",0.169629566077515
"321",0.31048090787265
"322",-2.36174437086713
"323",-0.614218156053158
"324",-2.09095901582459
"325",-0.832088397322515
"326",1.96796995690562
"327",2.28384855869873
"328",0.0582538463949692
"329",1.50380821380007
"330",-0.0432255029797933
"331",1.87952565463212
"332",-0.0489964872835259
"333",1.76617574018696
"334",-2.01373748342167
"335",-0.0545530367935804
"336",-2.50735491967892
"337",-2.91286351941064
"338",-1.0684473279559
"339",0.568193861461337
"340",0.332395243192505
"341",0.290306507758897
"342",1.5116788503027
"343",-1.88105517648749
"344",-2.5537841435596
"345",-2.35901467423821
"346",0.0753750265673179
"347",-0.854688268640983
"348",-2.47871619078889
"349",-2.54739277357484
"350",-0.479685268857832
"351",-0.140930925426663
"352",1.27277493138
"353",2.27805534295981
"354",1.54677597490722
"355",2.55887857051081
"356",1.65311953068527
"357",4.01425264665312
"358",2.25311739905033
"359",3.54979841307204
"360",2.42109701535102
"361",2.77156664789835
"362",0.154198176348582
"363",2.34657058317598
"364",2.88567985242342
"365",3.20006560838212
"366",2.68740609834132
"367",2.38023869677348
"368",1.34281002475619
"369",0.90947169042397
"370",-1.75132706398092
"371",-0.556477514471861
"372",-1.77782983462777
"373",-0.477479644157913
"374",0.0510514044366663
"375",1.75491593149837
"376",-0.31385103204182
"377",2.88503985305541
"378",2.79607667140843
"379",4.43585202180171
"380",1.14737731113067
"381",1.12415268233106
"382",0.722255870090749
"383",2.72278024852355
"384",1.85809999646253
"385",0.00702866224777279
"386",-1.24022288437453
"387",-2.86270180372496
"388",-2.67362540408318
"389",1.85568543298437
"390",1.13723412104306
"391",-0.251064600820788
"392",-0.439816345511786
"393",-1.81697299400394
"394",-0.912708081563305
"395",-0.706056798303575
"396",0.707428551411692
"397",-0.894280741111289
"398",-1.92040029661658
"399",-2.00929163289788
"400",-1.25021336771466
"401",-0.227056946425373
"402",2.71866289134946
"403",4.30050726677011
"404",1.94918225256331
"405",1.87181584356123
"406",2.65377822648196
"407",2.14762837623944
"408",2.15432445453185
"409",2.23717206203934
"410",0.584591102624272
"411",0.00121622425069628
"412",-0.247878183661844
"413",0.137414973466846
"414",1.69348757629135
"415",2.42026574127385
"416",2.34792040697219
"417",0.557403535112777
"418",0.550644533669416
"419",-0.72964418318818
"420",0.231668830404226
"421",-1.0241284793063
"422",1.52105721934064
"423",-1.66255412510311
"424",-0.501425116344398
"425",-1.7693124713853
"426",-1.84607658810277
"427",2.5054319344244
"428",1.53764253581245
"429",2.53596834406721
"430",0.865738317855017
"431",-0.194705828501797
"432",-1.35283333242533
"433",1.32219455096358
"434",-0.219993097913136
"435",-1.25351011887461
"436",-3.39509109974716
"437",-0.991665972543123
"438",-2.10661527564255
"439",-1.99347510303826
"440",1.3002858375994
"441",-2.72664155695002
"442",-2.98040342877004
"443",-3.17043581934174
"444",-0.955276138232622
"445",-1.85316745574362
"446",-2.43879643861427
"447",-2.99480375203927
"448",-5.17455878905773
"449",-3.37607822681456
"450",-2.01694222569762
"451",0.10840264193242
"452",0.0230892973897455
"453",1.94874561862779
"454",-0.624828673349886
"455",1.21355696557056
"456",1.27180557161946
"457",0.539746930213439
"458",0.416761638996389
"459",0.579037368107854
"460",1.37290939908055
"461",-1.39046715498518
"462",0.856550509916611
"463",1.54430029905854
"464",1.94144654679469
"465",1.22029695412257
"466",1.28610488026607
"467",-1.6419910203609
"468",-0.825696015439149
"469",-1.69226149336932
"470",-0.979446347050985
"471",-0.200171455867708
"472",-1.36027304214897
"473",-1.6928153880185
"474",-4.34766071551765
"475",-1.20627024832019
"476",-1.09849723852809
"477",1.47832274417786
"478",0.71498140462589
"479",0.910181268108098
"480",-0.698913702249904
"481",-0.103503672970993
"482",-0.320045553072971
"483",-0.625835348384585
"484",-0.487304258494747
"485",0.00525248045133441
"486",-2.12888714111331
"487",-3.72832670424514
"488",-1.06193861661474
"489",0.390411043045087
"490",-0.270406916319177
"491",0.836115916041805
"492",-0.180978383881072
"493",-3.32809520975032
"494",-1.4350668854206
"495",-1.67439586828624
"496",-0.706044348458757
"497",-0.715711122692229
"498",-3.58054778309248
"499",-2.08278015376121
"500",-1.22009940002223
"501",0.393058604298478
"502",4.6770746261185
"503",2.27688960843248
"504",2.35590111607978
"505",1.00458871242927
"506",2.77951890210843
"507",3.46724310750446
"508",3.22888953748068
"509",3.47867096284893
"510",0.640066699995726
"511",0.274885607834694
"512",-0.451113135332527
"513",2.59243061541145
"514",1.97373300197397
"515",3.49507454681032
"516",1.90840333653322
"517",1.14381613437626
"518",1.58835000796147
"519",1.2288032223173
"520",1.54377364954467
"521",1.58404730491186
"522",1.01531118049284
"523",-0.492559962075498
"524",0.563875375739569
"525",-1.17425948677119
"526",0.71691840410067
"527",1.5841886817662
"528",4.64537885311718
"529",2.54548307898448
"530",0.542485206150014
"531",3.02150560175659
"532",0.846084099836304
"533",1.32787805644469
"534",1.1846858963454
"535",-0.842918883031542
"536",-0.723435847617129
"537",-1.33762342151529
"538",-3.01769167311848
"539",-0.428253819704473
"540",2.10300221124639
"541",1.64818501266008
"542",-2.23283229305205
"543",0.215060121980681
"544",-1.00965557122879
"545",-0.456177841334306
"546",-1.38571323981497
"547",0.0382637901067128
"548",-1.46625281801336
"549",-1.58204072942909
"550",-1.01858698867576
"551",1.4985299142474
"552",1.56760596286443
"553",2.74399240477563
"554",3.59566605632589
"555",2.12056791560602
"556",1.81233031131149
"557",2.93901156662758
"558",3.63337231306579
"559",4.00203995410636
"560",3.08729613618434
"561",0.513680132973979
"562",-0.167070181864505
"563",2.4268208866499
"564",2.39839704141787
"565",2.13656787507533
"566",4.456025338116
"567",1.05033938075676
"568",-0.733696193148961
"569",-0.835159697702109
"570",0.28444690152347
"571",0.402932393258212
"572",-0.673253312173056
"573",-0.782063806285099
"574",-1.23407882770729
"575",-1.8201559675204
"576",1.00659331488643
"577",0.974262573205602
"578",2.46253273862812
"579",1.75269247536886
"580",0.497055885672074
"581",0.432933736373303
"582",-1.55101200802732
"583",-1.07587808193675
"584",-0.0960969863954562
"585",-1.0890415741997
"586",-2.25432532263701
"587",-2.88427372072904
"588",0.367506852319583
"589",-1.15501908006317
"590",0.595175016478188
"591",0.479101867584695
"592",-0.701016936813777
"593",-0.875930258529692
"594",-2.89795568857769
"595",-3.55695825227867
"596",-0.216930767741083
"597",-0.793416952650895
"598",-3.16868289344435
"599",-2.52748316477958
"600",-1.7105336233126
"601",-0.211537670292425
"602",1.28811540710998
"603",1.40434049058379
"604",3.18038544510753
"605",-0.317754326297825
"606",-0.574092515223409
"607",0.00833504222975534
"608",0.721774926356864
"609",0.7604522423682
"610",0.644544893569885
"611",-0.0722818228605896
"612",0.124890180373391
"613",-1.5799036966306
"614",1.53470381157326
"615",2.27107496230802
"616",-0.0777586691297235
"617",-0.168467336741176
"618",-1.52923559134018
"619",-2.69905410860727
"620",-0.673112380186145
"621",-0.20063977867261
"622",-0.990574797275049
"623",-2.37173560385326
"624",-3.82541535157131
"625",-3.37603239101341
"626",-1.02407236626616
"627",-0.573236384724502
"628",2.07000720803027
"629",0.840566529517663
"630",-0.452090370932215
"631",-1.78770322268055
"632",-0.358458429106854
"633",-0.926872897817788
"634",-2.07563842489007
"635",-2.65547209996733
"636",-2.40903375009127
"637",-4.18793899645353
"638",-3.83118083202881
"639",-1.34688878962606
"640",-1.23401318526887
"641",-2.13965055184509
"642",-2.5353803804706
"643",-2.28390107429179
"644",-2.84556346936649
"645",-2.33361057116713
"646",-2.20225297332413
"647",-2.95317297000666
"648",-4.42186059867264
"649",-4.29543499971226
"650",-0.880694605699376
"651",-0.432306771278039
"652",0.0969119226500655
"653",1.83762339345313
"654",3.20271054257884
"655",0.204509075677324
"656",-0.565214505492375
"657",0.619420888501027
"658",1.37199378621329
"659",0.450513026855809
"660",0.54165034493278
"661",0.71563692351339
"662",-0.264955070368638
"663",-2.00568855246386
"664",2.32953699368883
"665",5.2274930905473
"666",1.90618270609105
"667",1.01023698765437
"668",-0.7151531762845
"669",-0.946597412276952
"670",0.159275504836572
"671",0.141365340305509
"672",1.09593125198324
"673",-3.00810534209967
"674",-1.55616475275221
"675",0.830432133366518
"676",-2.10755700054285
"677",1.44111590664361
"678",4.31371944329728
"679",3.07357920642499
"680",1.67870455695362
"681",1.02180321748604
"682",1.75068956302363
"683",2.27899507343139
"684",-0.297798971352453
"685",1.02920776516892
"686",-0.837701085167122
"687",-0.0239397094792603
"688",-0.374020846969495
"689",0.394715790173144
"690",-0.0591829618404399
"691",-1.11286519712813
"692",0.14237093079523
"693",-3.49903292357327
"694",-0.79628144443707
"695",-0.812098736821908
"696",-1.44374071487851
"697",-0.532985927986198
"698",-1.28782380033213
"699",-1.99605624960873
"700",1.06893778319641
"701",1.71962205916139
"702",2.72757927800434
"703",2.78652763770621
"704",2.56245178497939
"705",2.69862019878782
"706",1.38949566753321
"707",2.82031370654489
"708",1.47899722848908
"709",2.69597683298812
"710",2.59363161920597
"711",1.29666025986318
"712",1.0330601766245
"713",1.15116629029574
"714",3.55109520544284
"715",4.04630736201734
"716",2.01157515280713
"717",1.29649326406237
"718",3.14557566482176
"719",0.504169121732305
"720",0.931052408468778
"721",1.55864841786295
"722",-0.391545693072662
"723",-1.17587208359483
"724",-0.187503824119632
"725",-0.571675722850397
"726",0.528042332419786
"727",1.83719498938658
"728",1.15818772384364
"729",1.29213132623513
"730",0.918137326880402
"731",1.45779466725517
"732",0.977120677563405
"733",1.61940853464276
"734",-0.99690515743124
"735",1.61940721507519
"736",-0.417285873429496
"737",-2.57224836174714
"738",-1.45252175564059
"739",-1.53194892273062
"740",1.53546795573356
"741",-1.21824801963157
"742",-1.0740402506363
"743",-2.5152477408835
"744",-1.41052640262864
"745",-1.10002666157454
"746",-2.46887913388134
"747",0.0398761934873929
"748",-0.730518039773056
"749",-2.50594858746853
"750",-2.21747514829391
"751",0.956379601169472
"752",-0.346842202217619
"753",0.152225927370262
"754",0.675113079733126
"755",-0.0996329606029634
"756",1.33180069231244
"757",3.58769354148161
"758",1.20407140954164
"759",0.0856499491628294
"760",0.719083251278959
"761",0.219064731551317
"762",-1.50013460192026
"763",0.160260489882274
"764",0.631005403654185
"765",2.1255824393616
"766",1.3757176854015
"767",-1.19687562696582
"768",-0.303614804847664
"769",-1.87199473735229
"770",-0.771390670459382
"771",-0.695079361502886
"772",-0.55989628490003
"773",-1.74333205542378
"774",-2.26175664121985
"775",-1.37844341749188
"776",0.706145259497921
"777",0.500472164141646
"778",1.63585024282616
"779",0.412808420470896
"780",-1.49091907339496
"781",-0.601844037285346
"782",-1.25047393949893
"783",-1.45930028148581
"784",-0.349103044402157
"785",-0.998075903212592
"786",-0.847039732790126
"787",-4.02848459108522
"788",-3.58569921306091
"789",0.0338780903741788
"790",0.0821812364185541
"791",-1.4221439033532
"792",-2.6543741181444
"793",-4.68601212037756
"794",-1.75140821192467
"795",-4.43014828821142
"796",-2.26329461527234
"797",-0.845698957426134
"798",-3.01953569368267
"799",-3.9008055555144
"800",-1.11903890157769
"801",-0.698921828094805
"802",1.40873197185739
"803",1.12243231182358
"804",3.11299076580502
"805",1.39191385900871
"806",0.0369986346355975
"807",0.363504671235967
"808",2.01735007387885
"809",-0.195649395520751
"810",1.75258412875241
"811",-0.0413648814172208
"812",-0.249766469983791
"813",-0.322205883070515
"814",-0.0105398538802513
"815",2.39199911691726
"816",0.0647660300730412
"817",-0.591169948014646
"818",-1.49712972146102
"819",-0.218817291088371
"820",-2.13435667985842
"821",-1.37553150298628
"822",-0.753333600658154
"823",-1.5785970780319
"824",-1.45276577630265
"825",-1.1467232318924
"826",-0.662646436423566
"827",2.31114604715031
"828",1.85945707372986
"829",1.65124545377907
"830",0.813544913999796
"831",1.45519124876059
"832",-0.165061721805301
"833",0.132221086317778
"834",0.150812007849794
"835",-0.755482700445491
"836",-2.30827233821878
"837",-2.1197300200947
"838",-0.614545257449035
"839",-0.894385828402288
"840",1.41975756856906
"841",0.417570447677761
"842",-0.270358130358899
"843",-0.0922657420564278
"844",-2.91234860194382
"845",-2.74988011140912
"846",-0.011154226083093
"847",-1.13664486837706
"848",-4.07079188437707
"849",-1.36555800032348
"850",-1.47545325871157
"851",-0.308867685306037
"852",2.6218925462127
"853",4.96076590730803
"854",1.95351235173291
"855",2.16778222556833
"856",1.70773865146257
"857",0.950323979950397
"858",3.27518427612975
"859",2.49613969161186
"860",2.47467138519032
"861",1.54460558943727
"862",-0.389038753362733
"863",0.466168355982113
"864",2.42063334758438
"865",3.19570972834109
"866",1.80401369515423
"867",0.39805513568348
"868",-0.0614741220838587
"869",0.411462702938079
"870",-1.44035069089615
"871",1.91147657582114
"872",0.562097498493782
"873",-0.66610388190428
"874",-1.77378449501436
"875",-0.1167913643921
"876",-0.906468656020609
"877",2.32021976051758
"878",4.91530181402875
"879",2.7293879632421
"880",0.796962283548087
"881",0.490066826349296
"882",1.26847644995837
"883",1.4499705800603
"884",0.121511768458972
"885",0.806383905373457
"886",-0.639391704058536
"887",-0.280227532467864
"888",-1.75372393371939
"889",1.01159726354999
"890",1.61628903848278
"891",1.29085734164953
"892",-1.29575358309597
"893",-0.81540776550147
"894",0.804808560982714
"895",-0.225086338042022
"896",-1.09015300233605
"897",-1.07826107107182
"898",-0.43887538485895
"899",-1.04265498890618
"900",-0.261798613920076
"901",0.703233531944777
"902",3.20453192865616
"903",2.60717602035444
"904",2.32644315774632
"905",2.93056392943435
"906",1.57462878096345
"907",3.16065095095487
"908",2.39587757258458
"909",2.96650058012294
"910",3.09571187942373
"911",-0.753529210096098
"912",-0.441427515730816
"913",0.12064936570322
"914",2.1269850707134
"915",1.09517160217257
"916",1.42378654251229
"917",0.890494602087945
"918",0.128282361689461
"919",-0.855030408633799
"920",-0.615450833852455
"921",0.281995111753993
"922",0.78770318559149
"923",-2.24035440389871
"924",-1.44092179517327
"925",-3.43188158490651
"926",0.36147998192091
"927",0.863740581466542
"928",2.354179121728
"929",0.877054804159446
"930",0.0821826501560421
"931",-1.40160283325749
"932",-1.14515016086487
"933",1.78632001357487
"934",-0.574186740285752
"935",-0.542909844468336
"936",-1.3246396259526
"937",-4.27478033068432
"938",-1.83277961837061
"939",-3.3518599618137
"940",-1.08553467119729
"941",-1.28097314646178
"942",-0.977548839783968
"943",-3.33294945185558
"944",-1.90776317758314
"945",-2.05666384455526
"946",-2.56713141593901
"947",-1.8382665149981
"948",-3.4269538173652
"949",-4.13186117873238
"950",-3.87412820560322
"951",1.06032083434452
"952",0.124612535465705
"953",1.77144373876218
"954",0.562588551332439
"955",-0.0449746001433603
"956",0.737689707280445
"957",1.21323511972437
"958",1.79555718677235
"959",1.50875473982537
"960",1.71762343895658
"961",-0.349922905576859
"962",-1.8192267063808
"963",0.36074315677429
"964",0.586506616640904
"965",-0.0255842694005656
"966",2.59226226602973
"967",-1.52845393971768
"968",0.099514126895177
"969",-1.50320899481117
"970",0.4425582780899
"971",-1.15037287436438
"972",-0.569522026954287
"973",-2.80980241001355
"974",-1.58693535076254
"975",-2.50049729972972
"976",-0.138098831694359
"977",0.962274848103895
"978",1.10677267756727
"979",2.03467628740474
"980",-0.468828900003742
"981",-0.272481546542763
"982",-0.232773770155008
"983",-0.727127102394976
"984",-2.35038400405277
"985",-0.898239870320213
"986",-1.77731793241221
"987",-3.93074995809904
"988",-1.79345831689739
"989",-1.14763454188552
"990",0.384115488958083
"991",-0.779262360115387
"992",0.167149812978084
"993",-2.23987215143974
"994",-1.1802443065529
"995",-5.44471738137052
"996",-0.117302668063128
"997",-2.21497330221025
"998",-1.40057435050558
"999",-1.93824563316116
"1000",-3.115164
"1001",-0.4014166
"1002",2.650861
"1003",2.689779
"1004",0.8993115
"1005",3.244699
"1006",1.919499
"1007",0.2952648
"1008",2.2878
"1009",1.925399
"1010",0.7859436
"1011",0.5495598
"1012",1.983844
"1013",2.776319
"1014",2.216741
"1015",3.801519
"1016",4.903341
"1017",1.809925
"1018",1.222399
"1019",0.9179048
"1020",0.4980676
"1021",1.264761
"1022",-1.052828
"1023",-0.8429201
"1024",-1.885599
"1025",-0.003963959
"1026",-0.5431935
"1027",2.061584
"1028",3.483523
"1029",2.645842
"1030",2.908981
"1031",2.06134
"1032",0.731318
"1033",1.712491
"1034",0.3996085
"1035",1.502643
"1036",-1.35326
"1037",-0.6560463
"1038",0.3796495
"1039",0.6082121
"1040",0.982472
"1041",1.316445
"1042",-0.5574462
"1043",-1.109587
"1044",-2.210806
"1045",-1.450671
"1046",-0.1553321
"1047",-0.7700065
"1048",-0.398735
"1049",-2.565741
"1050",-1.775633
"1051",0.5738868
"1052",4.498724
"1053",3.868534
"1054",4.183812
"1055",0.9793654
"1056",1.500689
"1057",2.02821
"1058",3.628775
"1059",2.769751
"1060",2.454358
"1061",0.2958751
"1062",0.2670394
"1063",2.851613
"1064",1.240331
"1065",2.868353
"1066",3.690278
"1067",1.121
"1068",1.852325
"1069",-0.5891647
"1070",-1.715522
"1071",-0.9202847
"1072",-0.07459108
"1073",-1.779438
"1074",-1.050919
"1075",-0.0318141
"1076",1.41251
"1077",0.7538916
"1078",0.811384
"1079",3.204748
"1080",1.380491
"1081",-0.3417692
"1082",-0.7620773
"1083",0.1358618
"1084",-0.1235407
"1085",-1.107573
"1086",-1.484992
"1087",-1.870612
"1088",-2.863593
"1089",-1.195256
"1090",0.3381294
"1091",2.341377
"1092",-1.110857
"1093",-3.294428
"1094",-0.8786834
"1095",-2.46407
"1096",-2.368909
"1097",-1.284653
"1098",-3.5083
"1099",-2.975831
"1100",-2.246917
"1101",0.8456348
"1102",1.750573
"1103",2.422957
"1104",3.849872
"1105",0.5920977
"1106",1.531327
"1107",0.6331913
"1108",2.101023
"1109",1.028959
"1110",2.213216
"1111",-1.749616
"1112",-2.068392
"1113",0.1606563
"1114",2.12906
"1115",0.9575346
"1116",1.117456
"1117",-0.5375183
"1118",-3.178955
"1119",-1.323056
"1120",-0.3342225
"1121",-2.189139
"1122",-2.047652
"1123",-1.066908
"1124",-1.975983
"1125",-2.693365
"1126",-1.045704
"1127",2.174964
"1128",2.046825
"1129",2.159173
"1130",-0.3187515
"1131",-3.166694
"1132",-3.364967
"1133",-0.6979553
"1134",0.9232058
"1135",-2.835822
"1136",-1.377869
"1137",-2.364729
"1138",-1.426426
"1139",-0.2999442
"1140",-1.951771
"1141",-1.785686
"1142",-2.816668
"1143",-2.912542
"1144",-2.782466
"1145",-2.828128
"1146",-0.9189681
"1147",-2.217323
"1148",-2.003931
"1149",-3.456507
"1150",-2.81633
"1151",0.01511084
"1152",1.279978
"1153",4.383093
"1154",1.835042
"1155",1.828347
"1156",1.27607
"1157",0.7029283
"1158",1.995955
"1159",1.512212
"1160",0.8819783
"1161",1.139214
"1162",-0.799673
"1163",-0.01622918
"1164",2.061771
"1165",1.812822
"1166",1.75536
"1167",1.440359
"1168",0.5080954
"1169",0.6909751
"1170",-1.087419
"1171",1.135764
"1172",-1.286279
"1173",-2.36257
"1174",-2.166285
"1175",1.155648
"1176",0.5920455
"1177",1.584073
"1178",2.76099
"1179",0.6869489
"1180",0.9755892
"1181",-0.8189269
"1182",2.382912
"1183",1.027922
"1184",1.061392
"1185",-0.05688214
"1186",-0.2183982
"1187",-2.86365
"1188",-0.01640659
"1189",1.346012
"1190",1.715664
"1191",-1.510799
"1192",-1.536161
"1193",-0.3274235
"1194",-1.218955
"1195",0.4355308
"1196",0.03544935
"1197",-2.411189
"1198",-3.090119
"1199",-1.356711
"1200",0.8822072
"1201",2.186185
"1202",2.836283
"1203",3.51404
"1204",4.228203
"1205",1.94854
"1206",2.35182
"1207",0.9855146
"1208",2.826401
"1209",2.986571
"1210",2.720048
"1211",0.3385297
"1212",0.9456476
"1213",1.414744
"1214",2.90089
"1215",3.462151
"1216",2.318573
"1217",2.78681
"1218",-0.4353814
"1219",1.612539
"1220",0.6895802
"1221",-0.09859703
"1222",1.481715
"1223",-0.8331241
"1224",-1.736209
"1225",-1.775642
"1226",2.372173
"1227",1.265593
"1228",1.842328
"1229",0.416172
"1230",1.602652
"1231",0.4451691
"1232",1.918535
"1233",-0.3479286
"1234",1.626171
"1235",1.514463
"1236",0.4919412
"1237",-2.839971
"1238",-0.9889863
"1239",0.2742579
"1240",-0.991798
"1241",1.574641
"1242",-0.03689167
"1243",-1.816736
"1244",-2.220114
"1245",-1.551024
"1246",-0.4584291
"1247",-1.538141
"1248",-1.870425
"1249",-3.328502
"1250",-0.5477956
"1251",-0.742212
"1252",-0.1291888
"1253",0.4298652
"1254",2.182077
"1255",0.9527401
"1256",0.5777229
"1257",-0.5274559
"1258",3.078437
"1259",1.873952
"1260",1.900996
"1261",-0.03172974
"1262",-1.87755
"1263",-0.1087769
"1264",1.758484
"1265",-0.5315607
"1266",0.8456812
"1267",0.9223343
"1268",-0.08742947
"1269",-0.9872092
"1270",0.7048356
"1271",-1.221827
"1272",-0.06853739
"1273",-3.203397
"1274",-2.518868
"1275",-2.698866
"1276",-0.9230054
"1277",-1.335419
"1278",0.5018991
"1279",2.817718
"1280",0.7797639
"1281",-0.1061717
"1282",1.246515
"1283",0.2924989
"1284",-1.84715
"1285",-2.74873
"1286",-4.1527
"1287",-4.209379
"1288",-2.674658
"1289",0.2835274
"1290",0.3468728
"1291",0.04742741
"1292",-2.566284
"1293",-3.530398
"1294",-3.825371
"1295",-2.075824
"1296",-1.023122
"1297",-1.077624
"1298",-3.211538
"1299",-4.105329
"1300",-2.506144
"1301",-2.048866
"1302",-0.5458286
"1303",2.903107
"1304",1.669777
"1305",-0.6152211
"1306",2.253108
"1307",0.7329126
"1308",1.150491
"1309",-0.7713146
"1310",0.2110044
"1311",-1.432866
"1312",-0.2723709
"1313",-1.281276
"1314",0.8008507
"1315",1.487418
"1316",0.8618121
"1317",1.158916
"1318",-1.228639
"1319",-1.62042
"1320",-1.740572
"1321",-1.107866
"1322",0.134205
"1323",-1.752105
"1324",-2.94579
"1325",-2.949679
"1326",-2.624936
"1327",0.7826279
"1328",1.120914
"1329",1.012804
"1330",-0.0801797
"1331",0.9437228
"1332",0.8206601
"1333",-0.3693079
"1334",-1.033649
"1335",-0.5020554
"1336",-1.318936
"1337",-1.737669
"1338",-0.9662226
"1339",-1.566564
"1340",-0.7457703
"1341",0.3649757
"1342",-1.806471
"1343",-0.1673835
"1344",-1.900647
"1345",-2.235291
"1346",-1.711753
"1347",-2.565108
"1348",-2.821845
"1349",-1.330079
"1350",-0.4308429
"1351",-0.7429355
"1352",2.528892
"1353",3.364123
"1354",1.823119
"1355",0.1673914
"1356",3.34982
"1357",1.580491
"1358",5.34902
"1359",1.161311
"1360",2.83825
"1361",0.3947267
"1362",0.5355129
"1363",0.5148881
"1364",2.480712
"1365",1.381352
"1366",3.205976
"1367",1.019454
"1368",0.09025155
"1369",-0.08695454
"1370",1.110551
"1371",0.7799502
"1372",-1.45734
"1373",-0.2531151
"1374",0.572758
"1375",-1.253599
"1376",0.1039328
"1377",0.8252617
"1378",2.164663
"1379",2.386448
"1380",0.9138737
"1381",1.474752
"1382",1.963311
"1383",0.3926901
"1384",3.130228
"1385",1.848976
"1386",-0.4404604
"1387",0.3760186
"1388",-2.276359
"1389",1.554905
"1390",-0.1041493
"1391",-0.5829845
"1392",-1.29059
"1393",-2.740089
"1394",-0.7331707
"1395",-0.8571596
"1396",1.205132
"1397",-0.5179956
"1398",-0.4219592
"1399",-1.621554
"1400",-0.2149801
"1401",1.814448
"1402",2.45862
"1403",2.11768
"1404",2.039936
"1405",2.419271
"1406",0.0003933168
"1407",2.166611
"1408",3.102084
"1409",0.878291
"1410",-0.3406306
"1411",0.7679254
"1412",-0.9813308
"1413",2.683836
"1414",0.8447098
"1415",3.356428
"1416",4.249757
"1417",0.1744948
"1418",0.2429015
"1419",0.04878587
"1420",0.2820946
"1421",0.4421802
"1422",-0.5718311
"1423",0.06153742
"1424",-2.525183
"1425",-0.1438922
"1426",0.3175774
"1427",1.974714
"1428",2.206983
"1429",1.263969
"1430",1.397105
"1431",-0.9373704
"1432",-0.8446931
"1433",0.4978699
"1434",-0.3110913
"1435",-2.100854
"1436",-1.937657
"1437",-2.944638
"1438",-2.60127
"1439",-0.5112757
"1440",0.5861161
"1441",-1.129138
"1442",-1.03429
"1443",-3.213835
"1444",-3.272895
"1445",-3.568697
"1446",-2.364443
"1447",-3.30864
"1448",-1.536048
"1449",-2.855608
"1450",-2.629838
"1451",-0.8018211
"1452",-0.3156015
"1453",2.813647
"1454",2.054277
"1455",2.004097
"1456",-0.7071988
"1457",0.539134
"1458",2.589798
"1459",0.7111826
"1460",-0.90151
"1461",0.0863541
"1462",0.4872359
"1463",-0.01996955
"1464",-0.4661808
"1465",0.495092
"1466",-1.784382
"1467",0.4793298
"1468",-2.04121
"1469",-2.939326
"1470",-2.508429
"1471",0.2558133
"1472",-1.37063
"1473",-1.922907
"1474",-1.499615
"1475",-0.8389141
"1476",0.06060647
"1477",-0.06516919
"1478",0.9940224
"1479",1.034612
"1480",0.7484724
"1481",-2.18994
"1482",-0.7080955
"1483",1.255809
"1484",-0.7887665
"1485",-1.801259
"1486",-3.026012
"1487",-2.664638
"1488",-0.5093713
"1489",-1.455665
"1490",0.5358757
"1491",-0.4481523
"1492",-2.153873
"1493",-2.260294
"1494",-4.421897
"1495",-0.9486875
"1496",-0.3376797
"1497",-0.8009492
"1498",-1.390664
"1499",-1.882709
"1500",0.5647167
"1501",0.4428131
"1502",-0.7793723
"1503",0.06830559
"1504",0.4356759
"1505",2.297968
"1506",1.928187
"1507",1.639288
"1508",3.163793
"1509",2.883646
"1510",0.3505852
"1511",-0.5960623
"1512",-0.2637378
"1513",1.218745
"1514",1.123988
"1515",1.949441
"1516",3.548509
"1517",1.643887
"1518",-0.6378387
"1519",0.07207356
"1520",2.199696
"1521",-0.2777199
"1522",-0.1099505
"1523",-0.4766673
"1524",0.5324278
"1525",0.5175794
"1526",0.5442481
"1527",2.186097
"1528",0.7128548
"1529",1.482148
"1530",3.31142
"1531",0.7587074
"1532",0.4334478
"1533",-0.1678813
"1534",1.473002
"1535",-0.7329079
"1536",-2.208093
"1537",-0.3670282
"1538",-1.702044
"1539",-1.082519
"1540",0.6911456
"1541",0.1177938
"1542",-0.1321729
"1543",-0.5701809
"1544",-0.5295316
"1545",-0.4041927
"1546",-1.471069
"1547",-2.118563
"1548",-0.5302128
"1549",-1.916715
"1550",-0.7377602
"1551",0.8850858
"1552",3.102676
"1553",4.314533
"1554",4.218298
"1555",3.10166
"1556",1.431275
"1557",2.401369
"1558",2.497625
"1559",2.125852
"1560",1.002324
"1561",0.488041
"1562",-0.6020106
"1563",1.575813
"1564",2.01241
"1565",2.585695
"1566",3.405016
"1567",1.882148
"1568",-1.172374
"1569",0.5773103
"1570",-1.589016
"1571",0.5799784
"1572",-0.9579522
"1573",-2.600047
"1574",-1.390594
"1575",-1.268669
"1576",-0.6771781
"1577",1.846598
"1578",3.9149
"1579",2.04647
"1580",1.390223
"1581",-0.6785987
"1582",1.242821
"1583",3.241788
"1584",2.029068
"1585",-1.288569
"1586",-1.111034
"1587",-2.671529
"1588",-1.419224
"1589",0.3701657
"1590",1.091797
"1591",-0.2775395
"1592",-2.180557
"1593",-3.826062
"1594",-1.218944
"1595",-1.435766
"1596",-0.5282275
"1597",-0.7375554
"1598",-3.192841
"1599",-2.673655
"1600",-1.413778
"1601",-1.391324
"1602",0.4470625
"1603",1.611334
"1604",2.53994
"1605",0.280382
"1606",-0.6511452
"1607",2.871165
"1608",1.299544
"1609",0.6748351
"1610",-0.9254697
"1611",0.456719
"1612",-1.319322
"1613",-1.509555
"1614",-0.7118895
"1615",2.786053
"1616",0.4164315
"1617",0.8730052
"1618",-2.757563
"1619",0.5332519
"1620",-1.846035
"1621",0.1085585
"1622",-0.1476603
"1623",-1.928083
"1624",-0.5815346
"1625",-3.408184
"1626",-0.8837497
"1627",1.464899
"1628",0.9251724
"1629",1.518217
"1630",-1.930352
"1631",-0.1941292
"1632",-1.222959
"1633",-0.3217632
"1634",-1.813861
"1635",-1.305957
"1636",-4.144772
"1637",-3.267496
"1638",-1.649795
"1639",-0.8920752
"1640",-1.096814
"1641",0.2286579
"1642",-3.553133
"1643",-3.855327
"1644",-2.767175
"1645",-2.394087
"1646",-0.9125343
"1647",-1.989175
"1648",-4.140544
"1649",-2.714221
"1650",-1.852786
"1651",-2.125427
"1652",-0.6961066
"1653",1.05087
"1654",3.367776
"1655",0.03621784
"1656",-1.114902
"1657",1.141183
"1658",1.460483
"1659",1.178416
"1660",1.273817
"1661",-1.138055
"1662",-0.2552948
"1663",0.327822
"1664",1.655594
"1665",2.441438
"1666",3.225086
"1667",0.1299216
"1668",-1.489688
"1669",0.7167124
"1670",-1.221744
"1671",1.464296
"1672",0.07461926
"1673",-2.182519
"1674",-0.9041909
"1675",-0.07694624
"1676",-0.5576549
"1677",1.529227
"1678",3.544758
"1679",0.8867932
"1680",2.163461
"1681",1.604463
"1682",0.4082382
"1683",1.326532
"1684",0.849613
"1685",-0.5931917
"1686",-1.294124
"1687",-2.310071
"1688",-0.3270667
"1689",-0.04650364
"1690",1.729062
"1691",0.172536
"1692",0.3745081
"1693",-1.276868
"1694",-3.654708
"1695",1.233752
"1696",-0.2440539
"1697",-0.1879313
"1698",-0.2920419
"1699",-3.042265
"1700",-1.189229
"1701",0.4008109
"1702",3.912119
"1703",2.386541
"1704",5.442433
"1705",2.292407
"1706",3.946352
"1707",3.100941
"1708",2.923179
"1709",1.533459
"1710",2.30252
"1711",-0.0948184
"1712",-0.7097733
"1713",2.026575
"1714",1.959509
"1715",2.20768
"1716",3.137932
"1717",1.49721
"1718",0.5633472
"1719",1.599728
"1720",1.286606
"1721",1.96106
"1722",2.278196
"1723",-3.402063
"1724",-1.066779
"1725",-1.753539
"1726",2.149284
"1727",1.13129
"1728",2.622216
"1729",2.373907
"1730",1.298441
"1731",-1.072931
"1732",-0.581966
"1733",1.948163
"1734",0.382996
"1735",-1.480716
"1736",-3.335457
"1737",-1.14245
"1738",-2.344487
"1739",-0.8951568
"1740",-0.234508
"1741",2.41789
"1742",-1.209837
"1743",-2.722027
"1744",-2.513029
"1745",-0.808182
"1746",0.1912134
"1747",-0.9554265
"1748",-3.210123
"1749",-0.4880161
"1750",-0.900205
"1751",-2.636436
"1752",1.494553
"1753",1.958
"1754",2.00794
"1755",1.514579
"1756",2.94066
"1757",-0.1400638
"1758",1.228691
"1759",-0.04481218
"1760",2.515737
"1761",-0.7517075
"1762",1.011104
"1763",0.1700273
"1764",2.946382
"1765",2.432306
"1766",1.879706
"1767",0.06938944
"1768",-2.998084
"1769",-1.112479
"1770",0.5252407
"1771",0.3123537
"1772",-0.9302032
"1773",-1.152045
"1774",-3.593828
"1775",-1.407048
"1776",-1.874186
"1777",1.388193
"1778",2.465328
"1779",0.2313371
"1780",-2.065523
"1781",-0.6889109
"1782",-1.4216
"1783",-1.847945
"1784",-1.352977
"1785",-1.283868
"1786",-2.37645
"1787",-4.424714
"1788",-2.320279
"1789",-2.773567
"1790",0.004286733
"1791",-0.9825521
"1792",-2.867922
"1793",-2.92326
"1794",-4.840364
"1795",-1.612423
"1796",-1.810663
"1797",-2.598316
"1798",-2.97358
"1799",-4.541118
"1800",-2.909762
"1801",0.4226033
"1802",-0.40403
"1803",3.654803
"1804",2.095492
"1805",-0.6320891
"1806",1.517072
"1807",2.360789
"1808",3.751331
"1809",2.838094
"1810",0.06029699
"1811",-2.804455
"1812",-2.502704
"1813",-0.06143364
"1814",0.5893176
"1815",0.1464354
"1816",-0.2063094
"1817",-0.3806443
"1818",0.387036
"1819",-0.09646476
"1820",-0.8040506
"1821",-1.515631
"1822",-0.5349549
"1823",-2.363766
"1824",-0.931192
"1825",-1.190195
"1826",-0.7162272
"1827",-0.05320538
"1828",1.308102
"1829",2.179575
"1830",0.8943618
"1831",1.250478
"1832",0.8730509
"1833",0.5240812
"1834",0.2476257
"1835",0.03291173
"1836",-2.271035
"1837",0.3489941
"1838",-0.9389212
"1839",-0.09231404
"1840",0.4077738
"1841",1.810519
"1842",-1.552188
"1843",-2.027774
"1844",-4.488651
"1845",-0.9245531
"1846",-0.2851532
"1847",-0.8770564
"1848",-3.062038
"1849",-0.7685121
"1850",-1.039181
"1851",0.09479113
"1852",3.258909
"1853",0.6939048
"1854",3.869021
"1855",3.267568
"1856",2.184537
"1857",2.783039
"1858",3.193228
"1859",2.111619
"1860",0.6383504
"1861",-0.2145437
"1862",2.427523
"1863",1.593457
"1864",2.1265
"1865",3.5193
"1866",3.288871
"1867",2.471121
"1868",1.574926
"1869",-0.002712361
"1870",1.662706
"1871",-0.218672
"1872",1.411561
"1873",-2.281541
"1874",0.5126245
"1875",-0.1331413
"1876",1.049374
"1877",3.94426
"1878",3.632778
"1879",1.612003
"1880",1.790231
"1881",2.102882
"1882",1.945653
"1883",1.499245
"1884",-0.1186323
"1885",1.138079
"1886",-0.1626209
"1887",-1.982289
"1888",-0.7582833
"1889",1.715411
"1890",2.45795
"1891",0.6382683
"1892",1.248146
"1893",-0.6535531
"1894",-1.002078
"1895",-0.434787
"1896",-1.728536
"1897",-1.047393
"1898",-1.487238
"1899",-3.480526
"1900",-1.305332
"1901",1.415873
"1902",2.880722
"1903",3.558534
"1904",2.81333
"1905",1.987896
"1906",2.996818
"1907",0.7428734
"1908",2.619047
"1909",3.268046
"1910",0.2145416
"1911",-0.6220068
"1912",-2.444123
"1913",0.2059166
"1914",1.656719
"1915",2.805018
"1916",2.094494
"1917",2.460776
"1918",-0.7980612
"1919",-0.7971181
"1920",-1.120914
"1921",0.9063289
"1922",-1.299865
"1923",-1.098296
"1924",-1.007695
"1925",-1.73685
"1926",0.1574242
"1927",1.585355
"1928",1.889255
"1929",0.9746053
"1930",0.1660175
"1931",-1.447012
"1932",-0.001265535
"1933",-0.1142806
"1934",0.04817852
"1935",-1.97382
"1936",-1.377132
"1937",-3.212727
"1938",-1.975341
"1939",-2.504771
"1940",-0.8422335
"1941",-0.7367881
"1942",-2.669128
"1943",-1.518983
"1944",-2.930306
"1945",-2.416427
"1946",-1.757287
"1947",-1.482338
"1948",-3.710314
"1949",-2.460199
"1950",-2.898744
"1951",-2.334696
"1952",0.1220769
"1953",0.6231427
"1954",1.960653
"1955",0.5925044
"1956",-0.3883538
"1957",-0.251536
"1958",0.6879841
"1959",-0.3066118
"1960",0.4890248
"1961",-1.563258
"1962",-1.367166
"1963",-2.497557
"1964",0.9946514
"1965",1.303235
"1966",1.31561
"1967",0.05996649
"1968",-1.367089
"1969",-1.8788
"1970",-1.505636
"1971",-1.735192
"1972",-1.209919
"1973",-2.632288
"1974",-3.056747
"1975",-2.303657
"1976",-0.2571247
"1977",1.472667
"1978",0.7415118
"1979",-0.1398117
"1980",1.521662
"1981",-0.1716879
"1982",-2.258323
"1983",2.022893
"1984",0.3544773
"1985",-1.755866
"1986",-2.530784
"1987",-2.8865
"1988",-0.7588665
"1989",-1.98889
"1990",-0.2348861
"1991",1.061297
"1992",-1.872548
"1993",-2.175103
"1994",-3.576543
"1995",-1.070447
"1996",0.08303546
"1997",-1.049324
"1998",-0.9147177
"1999",-2.276993
"2000",-2.231822
"2001",0.6095053
"2002",0.497684
"2003",3.579586
"2004",1.775989
"2005",0.9537769
"2006",0.1615814
"2007",2.528553
"2008",1.792597
"2009",3.870605
"2010",0.9300939
"2011",0.5252834
"2012",-1.125764
"2013",1.300203
"2014",2.123764
"2015",4.243673
"2016",2.686714
"2017",2.322515
"2018",-2.079228
"2019",-1.424443
"2020",-0.9365663
"2021",1.493648
"2022",-0.7238896
"2023",-1.394014
"2024",-1.317922
"2025",-0.8567801
"2026",-0.8240832
"2027",2.488591
"2028",3.138891
"2029",2.182066
"2030",2.447941
"2031",1.109351
"2032",0.9533412
"2033",0.4867591
"2034",2.230817
"2035",0.7374019
"2036",0.7901571
"2037",0.9449005
"2038",-0.8794618
"2039",0.9930812
"2040",0.5659614
"2041",0.4513145
"2042",0.3245767
"2043",-2.429083
"2044",-1.461574
"2045",-2.218181
"2046",-0.6613335
"2047",-0.07325636
"2048",-1.144221
"2049",-3.256847
"2050",-0.6675856
"2051",-0.06767039
"2052",3.628565
"2053",4.425759
"2054",3.751318
"2055",0.231968
"2056",2.035052
"2057",2.589079
"2058",1.300566
"2059",1.180814
"2060",0.9438918
"2061",2.034607
"2062",1.220314
"2063",0.1561267
"2064",4.124922
"2065",2.195884
"2066",3.109637
"2067",1.422181
"2068",1.740661
"2069",0.8903575
"2070",-2.153449
"2071",1.1027
"2072",0.7917938
"2073",0.5884661
"2074",-2.761503
"2075",-1.212991
"2076",1.220774
"2077",1.379287
"2078",3.486162
"2079",2.580067
"2080",-0.9872204
"2081",-0.3007787
"2082",-0.2227819
"2083",0.1554846
"2084",-1.21484
"2085",-0.838638
"2086",-1.975749
"2087",-2.17754
"2088",-1.764179
"2089",1.296114
"2090",0.2410174
"2091",0.3485975
"2092",0.0005382273
"2093",-3.786083
"2094",-3.801803
"2095",-1.062016
"2096",-0.3726357
"2097",-2.184607
"2098",-1.993165
"2099",-1.442398
"2100",-2.892204
"2101",-1.537471
"2102",0.2636617
"2103",1.286185
"2104",3.797867
"2105",-0.1120802
"2106",0.9108482
"2107",-0.5522401
"2108",2.09069
"2109",1.053007
"2110",-1.032046
"2111",-0.7310229
"2112",-1.80197
"2113",-2.381262
"2114",-0.7295665
"2115",0.0596683
"2116",1.038601
"2117",-2.134917
"2118",-1.682612
"2119",-2.690309
"2120",-1.164317
"2121",1.174903
"2122",-1.051519
"2123",-1.351002
"2124",-3.074549
"2125",-2.25023
"2126",-2.355101
"2127",2.474703
"2128",0.8520609
"2129",-1.794477
"2130",-2.034043
"2131",-2.254899
"2132",-1.191029
"2133",-0.3565697
"2134",-2.553782
"2135",-1.559382
"2136",-2.4816
"2137",-2.312402
"2138",-2.962566
"2139",-1.497551
"2140",0.0819171
"2141",-1.530618
"2142",-2.464449
"2143",-3.580119
"2144",-3.803141
"2145",-3.510023
"2146",-2.181393
"2147",-3.112168
"2148",-1.955182
"2149",-2.568163
"2150",-3.112226
"2151",-0.17959
"2152",2.71359
"2153",2.217726
"2154",2.462425
"2155",1.425252
"2156",1.879343
"2157",2.42518
"2158",1.920754
"2159",0.1503407
"2160",0.9344603
"2161",0.424172
"2162",-0.7813894
"2163",0.8040578
"2164",2.312428
"2165",1.802693
"2166",2.892825
"2167",-0.3714048
"2168",0.1543375
"2169",-2.212725
"2170",-0.3887494
"2171",0.2426459
"2172",-0.09851938
"2173",-0.456401
"2174",-0.5566062
"2175",-0.7627153
"2176",0.4971106
"2177",4.703394
"2178",4.303139
"2179",3.04803
"2180",0.8968188
"2181",1.562098
"2182",1.288674
"2183",2.363996
"2184",1.168414
"2185",-0.7061617
"2186",1.006385
"2187",-2.318614
"2188",-1.149059
"2189",-1.06924
"2190",2.495046
"2191",3.28508
"2192",-1.135954
"2193",-1.848604
"2194",-1.401371
"2195",-2.296081
"2196",-1.195324
"2197",-0.6746267
"2198",-0.2489765
"2199",-0.6464755
"2200",-1.40866
"2201",0.06759057
"2202",4.563423
"2203",4.279291
"2204",3.375359
"2205",1.414465
"2206",2.164445
"2207",3.479506
"2208",3.404473
"2209",2.500455
"2210",2.418974
"2211",0.9245118
"2212",0.7929814
"2213",2.564618
"2214",0.6190984
"2215",4.920074
"2216",2.449631
"2217",0.9058967
"2218",-0.4861644
"2219",0.4915029
"2220",0.6520009
"2221",-0.05830649
"2222",0.4252783
"2223",-3.360977
"2224",-2.205848
"2225",-0.831431
"2226",0.5197376
"2227",2.909281
"2228",3.893152
"2229",2.359789
"2230",-1.046987
"2231",0.5885499
"2232",2.68023
"2233",0.8120526
"2234",1.622962
"2235",-0.9562105
"2236",-0.7424394
"2237",0.2428996
"2238",-2.387035
"2239",-1.229046
"2240",0.1439557
"2241",-0.4730626
"2242",-0.622166
"2243",-0.4535398
"2244",-2.837161
"2245",-2.348145
"2246",-2.172704
"2247",-1.41785
"2248",-2.070909
"2249",-2.877397
"2250",-1.120806
"2251",-1.448469
"2252",0.1200086
"2253",4.897393
"2254",1.617944
"2255",1.855115
"2256",-0.2095551
"2257",0.1987573
"2258",2.310487
"2259",1.9163
"2260",-0.1013098
"2261",-0.6532621
"2262",-0.3470539
"2263",-1.763265
"2264",1.162915
"2265",2.694965
"2266",0.839971
"2267",-1.925312
"2268",-2.870184
"2269",-2.106989
"2270",-0.7033369
"2271",1.260698
"2272",-1.078695
"2273",-1.065145
"2274",-2.078904
"2275",-0.9802986
"2276",-0.809335
"2277",-1.11005
"2278",0.614415
"2279",-0.2459191
"2280",-2.00755
"2281",0.4847786
"2282",-1.371779
"2283",-0.09335691
"2284",-1.487063
"2285",-1.948389
"2286",-2.082276
"2287",-3.216791
"2288",-3.129116
"2289",-0.7224654
"2290",-0.3749911
"2291",-1.597265
"2292",-0.1778611
"2293",-1.193047
"2294",-0.3152815
"2295",-3.724508
"2296",-1.296727
"2297",-1.911451
"2298",-3.664451
"2299",-3.65638
"2300",-2.505751
"2301",0.1921152
"2302",0.7226888
"2303",0.9001493
"2304",2.819025
"2305",-0.7580119
"2306",-1.800899
"2307",0.2116675
"2308",1.109152
"2309",1.771983
"2310",1.061781
"2311",-1.383068
"2312",-0.1281421
"2313",-0.0603722
"2314",1.611854
"2315",1.954222
"2316",1.157146
"2317",-1.18905
"2318",-0.7319528
"2319",-3.616607
"2320",0.1944939
"2321",-0.7362086
"2322",-1.341451
"2323",-2.360246
"2324",-3.149342
"2325",-2.721462
"2326",1.755695
"2327",1.089701
"2328",2.440078
"2329",1.370906
"2330",0.6944548
"2331",-1.564569
"2332",0.1401377
"2333",1.715089
"2334",-2.874579
"2335",-0.6920473
"2336",-1.791964
"2337",0.4218196
"2338",-0.6816655
"2339",-1.692672
"2340",-0.322496
"2341",0.1740812
"2342",0.2938625
"2343",-1.223665
"2344",-1.513009
"2345",-0.7591624
"2346",-0.7901436
"2347",-1.512985
"2348",-1.490719
"2349",-2.884402
"2350",-0.09968077
"2351",0.7513399
"2352",0.7144411
"2353",4.300418
"2354",4.201636
"2355",3.400089
"2356",0.2899237
"2357",1.796973
"2358",2.610638
"2359",1.734634
"2360",1.596601
"2361",-0.2036208
"2362",1.212046
"2363",-0.9422652
"2364",2.757746
"2365",2.405853
"2366",2.531246
"2367",0.6252298
"2368",0.7226045
"2369",0.3678992
"2370",0.89092
"2371",-0.8709758
"2372",0.3959108
"2373",0.01916367
"2374",-0.9045417
"2375",0.5782554
"2376",0.2567074
"2377",1.327258
"2378",1.700137
"2379",3.066014
"2380",0.8395368
"2381",1.429482
"2382",0.1061613
"2383",1.05344
"2384",0.8986764
"2385",-0.2436773
"2386",-0.4870954
"2387",-1.309779
"2388",-2.121203
"2389",-0.3315408
"2390",0.1294114
"2391",-0.747499
"2392",-1.385006
"2393",0.271627
"2394",-1.634954
"2395",-1.214244
"2396",0.0067959
"2397",-0.9464363
"2398",-1.111133
"2399",-2.514863
"2400",-1.720158
"2401",1.605375
"2402",3.275371
"2403",2.999402
"2404",4.743163
"2405",4.155665
"2406",0.3333063
"2407",2.952699
"2408",2.788215
"2409",3.311795
"2410",2.83128
"2411",0.6763202
"2412",2.380382
"2413",0.01132642
"2414",1.1429
"2415",2.310544
"2416",0.3765637
"2417",1.819221
"2418",-0.7896996
"2419",-1.695767
"2420",-0.9541842
"2421",-0.01517771
"2422",-0.9383399
"2423",-0.8438146
"2424",-2.840854
"2425",-3.473771
"2426",0.7118993
"2427",2.070252
"2428",0.6389376
"2429",-0.07437241
"2430",0.2844643
"2431",0.7967472
"2432",-1.913945
"2433",0.5819076
"2434",-0.6989031
"2435",-0.9468312
"2436",-2.727791
"2437",-2.933411
"2438",-1.477843
"2439",0.4045167
"2440",-0.7710876
"2441",0.7502093
"2442",-2.766179
"2443",-1.631452
"2444",-3.116952
"2445",-2.418599
"2446",-3.431741
"2447",-2.854705
"2448",-4.380699
"2449",-3.152081
"2450",-3.768142
"2451",-0.4696263
"2452",0.1907668
"2453",2.040541
"2454",1.753759
"2455",1.404619
"2456",-0.06815026
"2457",0.5735013
"2458",1.012754
"2459",1.765798
"2460",-1.108148
"2461",-2.029156
"2462",-2.431878
"2463",-0.7352484
"2464",0.8038843
"2465",1.151758
"2466",2.43393
"2467",-1.395082
"2468",-0.986916
"2469",-0.08979745
"2470",-2.808707
"2471",-2.908711
"2472",0.1371184
"2473",-2.696779
"2474",-3.090333
"2475",-3.49499
"2476",-0.9069217
"2477",-0.2051009
"2478",0.1916788
"2479",1.165704
"2480",0.6598695
"2481",-0.5663303
"2482",-0.2468837
"2483",-0.5475346
"2484",-0.3253132
"2485",-2.556417
"2486",-2.579326
"2487",-2.890406
"2488",-1.234426
"2489",-2.68758
"2490",-0.6934449
"2491",-1.737466
"2492",-0.8102421
"2493",-1.333879
"2494",-2.961787
"2495",-2.562761
"2496",-2.061963
"2497",-2.687439
"2498",-1.640055
"2499",-3.796219
"2500",-0.3324407
